"Score","Hits","FullName","Name","Extension","Length","LastWriteTime"
"9","MIKAGE,PORCELAIN,ZENITH","D:\workspace\ComfyUI\renders\mikage_zenith_cover_art_porcelain_20260503_045254.png","mikage_zenith_cover_art_porcelain_20260503_045254.png",".png","4918289","2026-05-03 04:53:09"
"9","MIKAGE,PORCELAIN,ZENITH","D:\workspace\ComfyUI\renders\mikage_zenith_cover_art_porcelain_20260503_045202.png","mikage_zenith_cover_art_porcelain_20260503_045202.png",".png","4861508","2026-05-03 04:52:23"
"9","MIKAGE,PORCELAIN,ZENITH","D:\workspace\ComfyUI\renders\mikage_zenith_cover_art_porcelain_20260503_044906.png","mikage_zenith_cover_art_porcelain_20260503_044906.png",".png","4930649","2026-05-03 04:49:08"
"9","MIKAGE,PORCELAIN,ZENITH","D:\workspace\ComfyUI\renders\mikage_zenith_cover_art_porcelain_20260503_044718.png","mikage_zenith_cover_art_porcelain_20260503_044718.png",".png","4940191","2026-05-03 04:47:33"
"9","MIKAGE,PORCELAIN,ZENITH","D:\workspace\ComfyUI\renders\mikage_zenith_cover_art_porcelain_20260503_042609.png","mikage_zenith_cover_art_porcelain_20260503_042609.png",".png","470857","2026-05-03 04:26:11"
"9","MIKAGE,PORCELAIN,ZENITH","D:\workspace\ComfyUI\renders\mikage_zenith_porcelain_ghost_identity_20260503_042213.png","mikage_zenith_porcelain_ghost_identity_20260503_042213.png",".png","698731","2026-05-03 04:22:14"
"9","MIKAGE,PORCELAIN,ZENITH","D:\workspace\ComfyUI\renders\mikage_zenith_porcelain_ghost_identity_20260503_042038.png","mikage_zenith_porcelain_ghost_identity_20260503_042038.png",".png","757022","2026-05-03 04:20:41"
"9","MIKAGE,PORCELAIN,ZENITH","D:\workspace\ComfyUI\renders\mikage_zenith_porcelain_ghost_identity_20260503_041843.png","mikage_zenith_porcelain_ghost_identity_20260503_041843.png",".png","439157","2026-05-03 04:18:45"
"7","MIKAGE,CHARACTER,ZENITH","D:\workspace\ComfyUI\MIKAGE_CANON\08_CHARACTER_REVIEW_CANDIDATES\VIS_AUTH_01_MIKAGE_ZENITH_20260512_00001_.png","VIS_AUTH_01_MIKAGE_ZENITH_20260512_00001_.png",".png","1836308","2026-05-12 00:46:35"
"7","MIKAGE,CHARACTER,ZENITH","D:\workspace\ComfyUI\MIKAGE_CANON\08_CHARACTER_REVIEW_CANDIDATES\MIKAGE_ZENITH_HELMET_SIDE_TECH_GUIDE_V4.png","MIKAGE_ZENITH_HELMET_SIDE_TECH_GUIDE_V4.png",".png","32613","2026-05-07 04:27:12"
"7","MIKAGE,CHARACTER,ZENITH","D:\workspace\ComfyUI\MIKAGE_CANON\08_CHARACTER_REVIEW_CANDIDATES\MIKAGE_ZENITH_HELMET_SIDE_TECH_GUIDE_V3.png","MIKAGE_ZENITH_HELMET_SIDE_TECH_GUIDE_V3.png",".png","46652","2026-05-07 03:48:59"
"7","MIKAGE,CHARACTER,ZENITH","D:\workspace\ComfyUI\MIKAGE_CANON\08_CHARACTER_REVIEW_CANDIDATES\MIKAGE_ZENITH_HELMET_SIDE_TECH_GUIDE_V2.png","MIKAGE_ZENITH_HELMET_SIDE_TECH_GUIDE_V2.png",".png","64263","2026-05-07 02:38:47"
"7","MIKAGE,CHARACTER,ZENITH","D:\workspace\ComfyUI\MIKAGE_CANON\08_CHARACTER_REVIEW_CANDIDATES\MIKAGE_ZENITH_HELMET_SIDE_TECH_GUIDE_V1.png","MIKAGE_ZENITH_HELMET_SIDE_TECH_GUIDE_V1.png",".png","47991","2026-05-07 02:28:08"
"7","MIKAGE,CHARACTER,ZENITH","D:\workspace\ComfyUI\MIKAGE_CANON\08_CHARACTER_REVIEW_CANDIDATES\MIKAGE_ZENITH_BLADE_V2_POLISH_ONE_SHOT_00001_.png","MIKAGE_ZENITH_BLADE_V2_POLISH_ONE_SHOT_00001_.png",".png","1028127","2026-05-04 18:28:21"
"6","MIKAGE,PORCELAIN","D:\workspace\ComfyUI\input\MIKAGE_COMP_03A_B4C_PORCELAIN_PANEL_GAP_PASS.png","MIKAGE_COMP_03A_B4C_PORCELAIN_PANEL_GAP_PASS.png",".png","4487200","2026-05-12 08:25:30"
"6","MIKAGE,ZENITH","D:\workspace\ComfyUI\MIKAGE_CANON\09_REMOTE_RENDER_HANDOFF_V1\fal_zenith_blade_outputs\MIKAGE_FAL_ZENITH_BLADE_KEY_VISUAL_TEST_00001_.png","MIKAGE_FAL_ZENITH_BLADE_KEY_VISUAL_TEST_00001_.png",".png","662215","2026-05-04 14:08:10"
"6","MIKAGE,PORCELAIN","D:\workspace\ComfyUI\MIKAGE_CANON\09_REMOTE_RENDER_HANDOFF_V1\MIKAGE_COMPONENT_CANDIDATE_SET_V1\03_B4C_PORCELAIN_MATERIAL\MIKAGE_COMP_03A_B4C_PORCELAIN_PANEL_GAP_PASS.png","MIKAGE_COMP_03A_B4C_PORCELAIN_PANEL_GAP_PASS.png",".png","4487200","2026-05-04 10:18:28"
"6","MIKAGE,ZENITH","D:\workspace\ComfyUI\MIKAGE_CANON\10_COMPONENT_CANDIDATE_SET_V1\07_ZENITH_BLADE\MIKAGE_COMP_07A_ZENITH_BLADE_BASE_DETAIL_REVIEW_CANDIDATE.png","MIKAGE_COMP_07A_ZENITH_BLADE_BASE_DETAIL_REVIEW_CANDIDATE.png",".png","937822","2026-05-04 10:18:28"
"6","MIKAGE,PORCELAIN","D:\workspace\ComfyUI\MIKAGE_CANON\09_REMOTE_RENDER_HANDOFF_V1\MIKAGE_COMPONENT_CANDIDATE_SET_V1\03_B4C_PORCELAIN_MATERIAL\MIKAGE_COMP_03B_B4C_PORCELAIN_PANEL_GAP_PASS.png","MIKAGE_COMP_03B_B4C_PORCELAIN_PANEL_GAP_PASS.png",".png","5378568","2026-05-04 10:18:28"
"6","MIKAGE,ZENITH","D:\workspace\ComfyUI\MIKAGE_CANON\10_COMPONENT_CANDIDATE_SET_V1\07_ZENITH_BLADE\MIKAGE_COMP_07B_ZENITH_BLADE_CLEAN_MONOLITH_REVIEW_CANDIDATE.png","MIKAGE_COMP_07B_ZENITH_BLADE_CLEAN_MONOLITH_REVIEW_CANDIDATE.png",".png","884036","2026-05-04 10:18:28"
"6","MIKAGE,PORCELAIN","C:\Users\THIS PC\Desktop\MIKAGE_RUNPOD_ASSET_BUILD_09_PACK\input\MIKAGE_COMP_03A_B4C_PORCELAIN_PANEL_GAP_PASS.png","MIKAGE_COMP_03A_B4C_PORCELAIN_PANEL_GAP_PASS.png",".png","4487200","2026-05-04 10:18:28"
"6","MIKAGE,PORCELAIN","D:\workspace\ComfyUI\MIKAGE_CANON\09_REMOTE_RENDER_HANDOFF_V1\MIKAGE_COMPONENT_CANDIDATE_SET_V1\03_B4C_PORCELAIN_MATERIAL\MIKAGE_COMP_03C_B4C_PORCELAIN_PANEL_GAP_PASS.png","MIKAGE_COMP_03C_B4C_PORCELAIN_PANEL_GAP_PASS.png",".png","5858745","2026-05-04 10:18:28"
"6","MIKAGE,ZENITH","D:\workspace\ComfyUI\MIKAGE_CANON\09_REMOTE_RENDER_HANDOFF_V1\MIKAGE_COMPONENT_CANDIDATE_SET_V1\07_ZENITH_BLADE\MIKAGE_COMP_07B_ZENITH_BLADE_CLEAN_MONOLITH_REVIEW_CANDIDATE.png","MIKAGE_COMP_07B_ZENITH_BLADE_CLEAN_MONOLITH_REVIEW_CANDIDATE.png",".png","884036","2026-05-04 10:18:28"
"6","MIKAGE,PORCELAIN","D:\workspace\ComfyUI\MIKAGE_CANON\10_COMPONENT_CANDIDATE_SET_V1\03_B4C_PORCELAIN_MATERIAL\MIKAGE_COMP_03B_B4C_PORCELAIN_PANEL_GAP_PASS.png","MIKAGE_COMP_03B_B4C_PORCELAIN_PANEL_GAP_PASS.png",".png","5378568","2026-05-04 10:18:28"
"6","MIKAGE,PORCELAIN","D:\workspace\ComfyUI\MIKAGE_CANON\10_COMPONENT_CANDIDATE_SET_V1\03_B4C_PORCELAIN_MATERIAL\MIKAGE_COMP_03C_B4C_PORCELAIN_PANEL_GAP_PASS.png","MIKAGE_COMP_03C_B4C_PORCELAIN_PANEL_GAP_PASS.png",".png","5858745","2026-05-04 10:18:28"
"6","MIKAGE,PORCELAIN","D:\workspace\ComfyUI\MIKAGE_CANON\10_COMPONENT_CANDIDATE_SET_V1\03_B4C_PORCELAIN_MATERIAL\MIKAGE_COMP_03A_B4C_PORCELAIN_PANEL_GAP_PASS.png","MIKAGE_COMP_03A_B4C_PORCELAIN_PANEL_GAP_PASS.png",".png","4487200","2026-05-04 10:18:28"
"6","MIKAGE,ZENITH","D:\workspace\ComfyUI\MIKAGE_CANON\09_REMOTE_RENDER_HANDOFF_V1\MIKAGE_COMPONENT_CANDIDATE_SET_V1\07_ZENITH_BLADE\MIKAGE_COMP_07A_ZENITH_BLADE_BASE_DETAIL_REVIEW_CANDIDATE.png","MIKAGE_COMP_07A_ZENITH_BLADE_BASE_DETAIL_REVIEW_CANDIDATE.png",".png","937822","2026-05-04 10:18:28"
"6","MIKAGE,PORCELAIN","D:\workspace\ComfyUI\MIKAGE_CANON\09_REMOTE_RENDER_HANDOFF_V1\MIKAGE_COMPONENT_CANDIDATE_SET_V1\03_B4C_PORCELAIN_MATERIAL\MIKAGE_COMP_03D_B4C_PORCELAIN_PANEL_GAP_PASS.png","MIKAGE_COMP_03D_B4C_PORCELAIN_PANEL_GAP_PASS.png",".png","5608164","2026-05-04 10:18:26"
"6","MIKAGE,PORCELAIN","D:\workspace\ComfyUI\MIKAGE_CANON\10_COMPONENT_CANDIDATE_SET_V1\03_B4C_PORCELAIN_MATERIAL\MIKAGE_COMP_03D_B4C_PORCELAIN_PANEL_GAP_PASS.png","MIKAGE_COMP_03D_B4C_PORCELAIN_PANEL_GAP_PASS.png",".png","5608164","2026-05-04 10:18:26"
"6","MIKAGE,PORCELAIN","D:\workspace\ComfyUI\MIKAGE_CANON\MATERIAL_SEEDSET_V1\01_PURE_SWATCH_CANDIDATES\MIKAGE_PURE_MATERIAL_B4C_PORCELAIN_04_FLAT_TEXTURE.png","MIKAGE_PURE_MATERIAL_B4C_PORCELAIN_04_FLAT_TEXTURE.png",".png","1082489","2026-05-04 00:27:59"
"6","MIKAGE,PORCELAIN","D:\workspace\ComfyUI\MIKAGE_CANON\MATERIAL_SEEDSET_V1\03_SELECTED_MATERIALS\MIKAGE_SELECTED_MATERIAL_B4C_PORCELAIN_V1.png","MIKAGE_SELECTED_MATERIAL_B4C_PORCELAIN_V1.png",".png","1082489","2026-05-04 00:27:59"
"6","MIKAGE,PORCELAIN","D:\workspace\ComfyUI\MIKAGE_CANON\MATERIAL_SEEDSET_V1\01_PURE_SWATCH_CANDIDATES\MIKAGE_PURE_MATERIAL_B4C_PORCELAIN_03.png","MIKAGE_PURE_MATERIAL_B4C_PORCELAIN_03.png",".png","768892","2026-05-03 23:30:11"
"6","MIKAGE,PORCELAIN","D:\workspace\ComfyUI\MIKAGE_CANON\MATERIAL_SEEDSET_V1\01_PURE_SWATCH_CANDIDATES\MIKAGE_PURE_MATERIAL_B4C_PORCELAIN_02.png","MIKAGE_PURE_MATERIAL_B4C_PORCELAIN_02.png",".png","880079","2026-05-03 23:28:59"
"6","MIKAGE,PORCELAIN","D:\workspace\ComfyUI\MIKAGE_CANON\MATERIAL_SEEDSET_V1\01_PURE_SWATCH_CANDIDATES\MIKAGE_PURE_MATERIAL_B4C_PORCELAIN_01.png","MIKAGE_PURE_MATERIAL_B4C_PORCELAIN_01.png",".png","1045538","2026-05-03 23:19:17"
"6","MIKAGE,PORCELAIN","D:\workspace\ComfyUI\MIKAGE_CANON\MATERIAL_SEEDSET_V1\04_COMPONENT_SHEETS\MIKAGE_MATERIAL_B4C_PORCELAIN_CONTACT.png","MIKAGE_MATERIAL_B4C_PORCELAIN_CONTACT.png",".png","991395","2026-05-03 22:54:57"
"6","MIKAGE,PORCELAIN","D:\workspace\ComfyUI\MIKAGE_CANON\MATERIAL_SEEDSET_V1\01_RENDER_CANDIDATES\MIKAGE_MATERIAL_B4C_PORCELAIN_03.png","MIKAGE_MATERIAL_B4C_PORCELAIN_03.png",".png","978051","2026-05-03 22:54:55"
"6","MIKAGE,PORCELAIN","D:\workspace\ComfyUI\MIKAGE_CANON\MATERIAL_SEEDSET_V1\01_RENDER_CANDIDATES\MIKAGE_MATERIAL_B4C_PORCELAIN_02.png","MIKAGE_MATERIAL_B4C_PORCELAIN_02.png",".png","978114","2026-05-03 22:52:41"
"6","MIKAGE,PORCELAIN","D:\workspace\ComfyUI\MIKAGE_CANON\MATERIAL_SEEDSET_V1\01_RENDER_CANDIDATES\MIKAGE_MATERIAL_B4C_PORCELAIN_01.png","MIKAGE_MATERIAL_B4C_PORCELAIN_01.png",".png","978176","2026-05-03 22:50:40"
"6","MIKAGE,PORCELAIN","D:\workspace\ComfyUI\MIKAGE_CANON\MATERIAL_SEEDSET_V1\99_INVALID_ANCHOR_CARRIER_NOTE\MIKAGE_MATERIAL_B4C_PORCELAIN_01.png","MIKAGE_MATERIAL_B4C_PORCELAIN_01.png",".png","978176","2026-05-03 22:50:40"
"6","MIKAGE,ZENITH","D:\workspace\ComfyUI\MIKAGE_CANON\03_CANON_GATE_TEST\input\MIKAGE_CANON_ZENITH_BLADE_PROP_SHEET_001_copy01.png","MIKAGE_CANON_ZENITH_BLADE_PROP_SHEET_001_copy01.png",".png","4081972","2026-05-01 15:57:42"
"6","MIKAGE,ZENITH","D:\workspace\ComfyUI\MIKAGE_CANON\02_COMPONENT_SHEETS\BLADE\MIKAGE_CANON_ZENITH_BLADE_PROP_SHEET_002_copy01.png","MIKAGE_CANON_ZENITH_BLADE_PROP_SHEET_002_copy01.png",".png","4978679","2026-05-01 15:57:42"
"6","MIKAGE,ZENITH","D:\workspace\ComfyUI\MIKAGE_CANON\03_CANON_GATE_TEST\input\MIKAGE_CANON_ZENITH_BLADE_PROP_SHEET_001.png","MIKAGE_CANON_ZENITH_BLADE_PROP_SHEET_001.png",".png","4081972","2026-05-01 15:57:42"
"6","MIKAGE,ZENITH","D:\workspace\ComfyUI\MIKAGE_CANON\02_COMPONENT_SHEETS\BLADE\MIKAGE_CANON_ZENITH_BLADE_PROP_SHEET_002.png","MIKAGE_CANON_ZENITH_BLADE_PROP_SHEET_002.png",".png","4978679","2026-05-01 15:57:42"
"6","MIKAGE,ZENITH","D:\workspace\ComfyUI\MIKAGE_CANON\03_CANON_GATE_TEST\input\MIKAGE_CANON_ZENITH_BLADE_PROP_SHEET_002_copy01.png","MIKAGE_CANON_ZENITH_BLADE_PROP_SHEET_002_copy01.png",".png","4978679","2026-05-01 15:57:42"
"6","MIKAGE,ZENITH","D:\workspace\ComfyUI\MIKAGE_CANON\99_REJECTED\MIKAGE_CANON_ZENITH_BLADE_PROP_SHEET_002_copy01.png","MIKAGE_CANON_ZENITH_BLADE_PROP_SHEET_002_copy01.png",".png","4978679","2026-05-01 15:57:42"
"6","MIKAGE,ZENITH","D:\workspace\ComfyUI\MIKAGE_CANON\02_COMPONENT_SHEETS\BLADE\MIKAGE_CANON_ZENITH_BLADE_PROP_SHEET_001.png","MIKAGE_CANON_ZENITH_BLADE_PROP_SHEET_001.png",".png","4081972","2026-05-01 15:57:42"
"6","MIKAGE,ZENITH","D:\workspace\ComfyUI\MIKAGE_CANON\02_COMPONENT_SHEETS\BLADE\MIKAGE_CANON_ZENITH_BLADE_PROP_SHEET_001_copy01.png","MIKAGE_CANON_ZENITH_BLADE_PROP_SHEET_001_copy01.png",".png","4081972","2026-05-01 15:57:42"
"6","MIKAGE,ZENITH","D:\workspace\ComfyUI\MIKAGE_CANON\99_REJECTED\MIKAGE_CANON_ZENITH_BLADE_PROP_SHEET_001.png","MIKAGE_CANON_ZENITH_BLADE_PROP_SHEET_001.png",".png","4081972","2026-05-01 15:57:42"
"6","MIKAGE,ZENITH","D:\workspace\ComfyUI\MIKAGE_CANON\99_REJECTED\MIKAGE_CANON_ZENITH_BLADE_PROP_SHEET_002.png","MIKAGE_CANON_ZENITH_BLADE_PROP_SHEET_002.png",".png","4978679","2026-05-01 15:57:42"
"6","MIKAGE,ZENITH","D:\workspace\ComfyUI\MIKAGE_CANON\99_REJECTED\MIKAGE_CANON_ZENITH_BLADE_PROP_SHEET_001_copy01.png","MIKAGE_CANON_ZENITH_BLADE_PROP_SHEET_001_copy01.png",".png","4081972","2026-05-01 15:57:42"
"6","MIKAGE,ZENITH","D:\workspace\ComfyUI\MIKAGE_CANON\MIKAGE_CANON_IMAGE_PACKAGE_001\01_COMPONENT_SHEETS\03_ZENITH_BLADE\MIKAGE_CANON_ZENITH_BLADE_PROP_SHEET_001.png","MIKAGE_CANON_ZENITH_BLADE_PROP_SHEET_001.png",".png","4081972","2026-05-01 15:57:42"
"6","MIKAGE,ZENITH","D:\workspace\ComfyUI\MIKAGE_CANON\MIKAGE_CANON_IMAGE_PACKAGE_001\00_INBOX_REVIEW\MIKAGE_CANON_ZENITH_BLADE_PROP_SHEET_002.png","MIKAGE_CANON_ZENITH_BLADE_PROP_SHEET_002.png",".png","4978679","2026-05-01 15:57:42"
"6","MIKAGE,ZENITH","D:\workspace\ComfyUI\MIKAGE_CANON\03_CANON_GATE_TEST\input\MIKAGE_CANON_ZENITH_BLADE_PROP_SHEET_002.png","MIKAGE_CANON_ZENITH_BLADE_PROP_SHEET_002.png",".png","4978679","2026-05-01 15:57:42"
"6","MIKAGE,ZENITH","D:\workspace\ComfyUI\MIKAGE_CANON\MIKAGE_CANON_IMAGE_PACKAGE_001\00_INBOX_REVIEW\MIKAGE_CANON_ZENITH_BLADE_PROP_SHEET_001.png","MIKAGE_CANON_ZENITH_BLADE_PROP_SHEET_001.png",".png","4081972","2026-05-01 15:57:42"
"6","MIKAGE,ZENITH","D:\workspace\ComfyUI\MIKAGE_CANON\MIKAGE_CANON_IMAGE_PACKAGE_001\01_COMPONENT_SHEETS\03_ZENITH_BLADE\MIKAGE_CANON_ZENITH_BLADE_PROP_SHEET_002.png","MIKAGE_CANON_ZENITH_BLADE_PROP_SHEET_002.png",".png","4978679","2026-05-01 15:57:42"
"5","MIKAGE,CHARACTER,ZENITH","D:\workspace\ComfyUI\MIKAGE_CANON\08_CHARACTER_REVIEW_CANDIDATES\GOOD_IMAGE_VISUAL_REVIEW_PACK_V1\03_ZENITH_BLADE_V2_LOCKED.png","03_ZENITH_BLADE_V2_LOCKED.png",".png","1028127","2026-05-04 18:28:21"
"4","MIKAGE,CHARACTER","D:\KAGAMI-MZ_SYNC_PUSH_V2\production\character\production_actor\review_previews\MIKAGE_PRODUCTION_ACTOR_V0_1_FRONT_REVIEW.png","MIKAGE_PRODUCTION_ACTOR_V0_1_FRONT_REVIEW.png",".png","619836","2026-05-16 16:49:36"
"4","MIKAGE,CHARACTER","D:\KAGAMI-MZ_SYNC_PUSH_V2\production\character\production_actor\review_previews\MIKAGE_PRODUCTION_ACTOR_V0_1_3Q_REVIEW.png","MIKAGE_PRODUCTION_ACTOR_V0_1_3Q_REVIEW.png",".png","623256","2026-05-16 16:49:36"
"4","MIKAGE,CHARACTER","D:\KAGAMI-MZ_SYNC_PUSH_V2\production\character\production_actor\review_previews\MIKAGE_PRODUCTION_ACTOR_V0_1_CONTACT_SHEET.png","MIKAGE_PRODUCTION_ACTOR_V0_1_CONTACT_SHEET.png",".png","1778336","2026-05-16 16:49:36"
"4","MIKAGE,CHARACTER","D:\KAGAMI-MZ_SYNC_PUSH_V2\production\character\production_actor\review_previews_v0_2\MIKAGE_PRODUCTION_ACTOR_V0_2_CONTACT_SHEET.png","MIKAGE_PRODUCTION_ACTOR_V0_2_CONTACT_SHEET.png",".png","1540317","2026-05-16 16:49:36"
